{
 "base": {
  "n": 540,
  "median": 0.0,
  "p25": 0.0,
  "p75": 0.5,
  "mean": 0.4981481481481482,
  "within2min": 0.9629629629629629
 },
 "age_5": {
  "n": 550,
  "median": 0.0,
  "p25": 0.0,
  "p75": 0.5,
  "mean": 0.5336363636363637,
  "within2min": 0.9654545454545455
 },
 "age_10": {
  "n": 527,
  "median": 0.5,
  "p25": 0.0,
  "p75": 1.0,
  "mean": 0.5958254269449715,
  "within2min": 0.9563567362428842
 },
 "ternary_5": {
  "n": 563,
  "median": 0.0,
  "p25": 0.0,
  "p75": 0.5,
  "mean": 0.5230905861456483,
  "within2min": 0.9662522202486679
 },
 "ternary_10": {
  "n": 541,
  "median": 0.5,
  "p25": 0.0,
  "p75": 0.5,
  "mean": 0.5304990757855823,
  "within2min": 0.966728280961183
 }
}